{
  "Logistic Regression": {
    "accuracy": 0.7333333333333333,
    "precision": 0.4166666666666667,
    "recall": 0.625,
    "f1": 0.5,
    "roc_auc": 0.7458804143126178,
    "brier": 0.190253670592557,
    "brier_calibrated": 0.13784886436471036,
    "cv_acc_mean": 0.6933333333333332,
    "cv_acc_std": 0.03021641193240169
  },
  "Decision Tree": {
    "accuracy": 0.7422222222222222,
    "precision": 0.4166666666666667,
    "recall": 0.5208333333333334,
    "f1": 0.46296296296296297,
    "roc_auc": 0.6788488700564972,
    "brier": 0.21566723783461,
    "brier_calibrated": 0.14241011076367743,
    "cv_acc_mean": 0.6651851851851852,
    "cv_acc_std": 0.06907581171481342
  },
  "Random Forest": {
    "accuracy": 0.8311111111111111,
    "precision": 0.75,
    "recall": 0.3125,
    "f1": 0.4411764705882353,
    "roc_auc": 0.7552966101694915,
    "brier": 0.1369466666666667,
    "brier_calibrated": 0.13762884427217612,
    "cv_acc_mean": 0.8044444444444444,
    "cv_acc_std": 0.012035612451312499
  },
  "XGBoost": {
    "accuracy": 0.7911111111111111,
    "precision": 0.5142857142857142,
    "recall": 0.375,
    "f1": 0.43373493975903615,
    "roc_auc": 0.7152777777777778,
    "brier": 0.15499239027021866,
    "brier_calibrated": 0.1405823796219544,
    "cv_acc_mean": 0.7703703703703704,
    "cv_acc_std": 0.018739423171368202
  },
  "LightGBM": {
    "accuracy": 0.8044444444444444,
    "precision": 0.5714285714285714,
    "recall": 0.3333333333333333,
    "f1": 0.42105263157894735,
    "roc_auc": 0.7039783427495292,
    "brier": 0.16860816337502904,
    "brier_calibrated": 0.14468117595380892,
    "cv_acc_mean": 0.7911111111111111,
    "cv_acc_std": 0.03358750829260634
  }
}